record_id,batch,X1,X2,X3,Y
g0-r0,g0,2.119752,2.706879,-1.66605,11.442366
g0-r1,g0,3.792158,2.753556,1.931323,20.972169
g1-r0,g1,0.674455,2.975706,2.998823,3.856434
g1-r1,g1,2.54494,0.593831,-2.760736,3.055732
g2-r0,g2,3.531753,1.120763,0.197711,7.985338
g2-r1,g2,1.627733,3.449423,1.695955,11.265458
g3-r0,g3,3.773406,3.641345,-1.541632,27.545131
g3-r1,g3,3.923213,2.291761,0.269306,17.984919
g4-r0,g4,1.209159,3.205113,0.192727,7.783391
g4-r1,g4,1.723053,2.443353,0.169657,8.474452
g5-r0,g5,1.011117,1.130698,-2.793405,2.213041
g5-r1,g5,2.758062,2.364782,-1.406469,13.101877
g6-r0,g6,0.54347,1.645319,1.404599,1.7538
g6-r1,g6,3.824305,0.733648,-0.822303,5.663672
g7-r0,g7,2.661784,1.383435,2.029664,7.393716
g7-r1,g7,2.721239,3.803253,0.30723,20.635109
g8-r0,g8,1.540083,2.914229,2.275881,8.995513
g8-r1,g8,1.082933,1.455302,-0.649142,3.164251
g9-r0,g9,2.938238,0.623027,1.848849,3.686706
g9-r1,g9,1.653315,0.545909,-2.730853,1.786933
g10-r0,g10,1.252036,3.896365,0.99709,9.697732
g10-r1,g10,1.93674,3.464455,-0.990602,13.47024
g11-r0,g11,3.109598,3.390118,2.562215,21.185333
g11-r1,g11,1.787727,3.440004,-0.91621,12.334189
g12-r0,g12,0.581008,0.899573,-2.61645,1.083431
g12-r1,g12,1.096616,2.413884,0.162667,5.193461
g13-r0,g13,1.887497,3.291568,2.232869,12.579682
g13-r1,g13,3.710028,2.317311,0.924016,17.155642
g14-r0,g14,3.21221,0.829894,-0.081674,5.382358
g14-r1,g14,3.76996,3.416661,-0.641831,25.704749
g15-r0,g15,2.966226,2.212493,-2.800651,13.195602
g15-r1,g15,0.810014,3.179873,-2.605005,5.134107
g16-r0,g16,1.314811,3.361075,0.354698,8.790214
g16-r1,g16,3.26882,1.961492,1.875027,12.814284
g17-r0,g17,3.284411,1.320904,1.872474,8.566086
g17-r1,g17,3.07133,2.502167,2.380501,15.266989
g18-r0,g18,1.143245,2.085039,0.496409,4.693793
g18-r1,g18,2.10719,2.366299,0.428587,9.908094
g19-r0,g19,3.835137,3.573643,-2.278032,27.415315
g19-r1,g19,0.511509,1.811903,-0.898292,1.824279
g20-r0,g20,1.888005,3.536669,2.567218,13.364066
g20-r1,g20,3.800121,1.949621,2.237313,14.847949
g21-r0,g21,2.006101,2.271844,1.825332,9.05213
g21-r1,g21,1.851877,1.290614,1.613594,4.642179
g22-r0,g22,3.801291,2.169134,0.646993,16.58094
g22-r1,g22,1.070351,2.685901,-2.311222,5.696152
g23-r0,g23,0.967662,0.978972,1.564348,1.776526
g23-r1,g23,3.736264,2.949907,1.493838,22.039976
g24-r0,g24,1.450545,1.303416,0.827697,3.709168
g24-r1,g24,1.613462,1.697298,-0.742453,5.475409
g25-r0,g25,3.545943,0.843166,-1.917402,6.132908
g25-r1,g25,1.392832,2.229414,0.469291,6.139005
g26-r0,g26,3.094895,3.978008,-1.720156,24.594994
g26-r1,g26,3.278042,0.897442,0.664298,5.861595
g27-r0,g27,2.391976,0.572259,-0.907792,2.6598
g27-r1,g27,3.63826,2.622922,-0.21716,18.991879
g28-r0,g28,2.275334,1.737329,0.141181,7.801493
g28-r1,g28,2.477897,2.410336,2.711489,11.86086
g29-r0,g29,3.29871,1.00556,-2.333625,6.728814
g29-r1,g29,3.847217,1.961231,0.663791,15.053273
g30-r0,g30,0.696993,3.107649,-2.383909,4.332185
g30-r1,g30,1.584351,1.557725,0.553879,4.807465
g31-r0,g31,1.271968,1.396749,1.761689,3.401372
g31-r1,g31,2.411048,3.724897,-1.056983,17.950522
g32-r0,g32,1.933358,1.315682,-1.723198,4.922407
g32-r1,g32,1.743197,3.593626,0.726786,12.545104
g33-r0,g33,3.309493,2.053624,2.61182,13.720176
g33-r1,g33,3.401622,0.710754,0.667729,4.843418
g34-r0,g34,1.421486,3.194069,2.21473,9.180377
g34-r1,g34,2.702936,2.366754,-0.799519,12.736638
g35-r0,g35,3.420369,3.166561,-2.480755,21.689832
g35-r1,g35,0.957332,3.554489,1.161886,6.711576
g36-r0,g36,2.90581,3.676083,-0.100877,21.271309
g36-r1,g36,2.982785,3.055886,-1.956425,18.192293
g37-r0,g37,2.045698,2.887915,0.607888,11.919748
g37-r1,g37,1.393124,0.738671,-2.432166,1.928546
g38-r0,g38,2.059746,2.941406,-2.559815,11.847427
g38-r1,g38,3.32232,0.660543,0.378293,4.250931
g39-r0,g39,2.846117,2.975704,-0.280616,17.010917
g39-r1,g39,2.661616,2.15331,0.550078,11.54716
g40-r0,g40,0.675278,1.360755,0.665918,1.772393
g40-r1,g40,1.654296,2.762099,-2.546078,9.070796
g41-r0,g41,2.229864,0.673181,-2.827926,3.015642
g41-r1,g41,2.960964,0.984986,-0.179014,5.710133
g42-r0,g42,2.293999,3.851002,-2.577239,17.719726
g42-r1,g42,1.880234,3.051368,-0.702003,11.522357
g43-r0,g43,1.474001,0.876534,2.748958,2.696387
g43-r1,g43,3.404862,2.865047,1.734176,19.485315
g44-r0,g44,2.859625,2.245614,-2.836803,12.842141
g44-r1,g44,2.590605,1.115667,0.068369,5.892878
g45-r0,g45,2.553123,2.67825,0.725671,13.572142
g45-r1,g45,3.476377,1.991003,-1.659016,13.905818
g46-r0,g46,1.38804,2.498405,-1.100365,6.814638
g46-r1,g46,3.243092,2.246426,0.883562,14.534985
g47-r0,g47,1.308521,2.314188,-2.578447,6.056637
g47-r1,g47,3.08663,1.611819,-2.101937,9.920152
g48-r0,g48,3.319147,0.995175,-0.793466,6.588464
g48-r1,g48,1.406097,3.12885,0.750966,8.901389
g49-r0,g49,2.455035,1.175078,-0.38451,5.891988
g49-r1,g49,2.56425,3.188798,0.874045,16.308167
g50-r0,g50,3.941342,3.095403,-1.283504,24.630185
g50-r1,g50,1.963406,3.084197,0.05885,12.301887
g51-r0,g51,2.438043,1.446303,2.151997,6.996401
g51-r1,g51,3.832523,2.050889,2.611099,15.653917
g52-r0,g52,3.995777,3.139168,0.615294,24.968977
g52-r1,g52,3.118885,1.290161,1.471367,7.906036
g53-r0,g53,0.843139,1.25634,-1.936899,2.072725
g53-r1,g53,2.349075,1.546923,0.959922,7.1658
g54-r0,g54,3.820183,1.201788,0.767292,9.359427
g54-r1,g54,3.669237,2.60404,-0.462547,19.058952
g55-r0,g55,2.553306,0.95742,-0.716169,4.889438
g55-r1,g55,3.558811,0.713188,2.949608,5.157971
g56-r0,g56,2.998955,0.983441,0.843806,5.969685
g56-r1,g56,2.609693,3.683811,-1.170336,19.25025
g57-r0,g57,3.69138,3.424659,-2.097279,25.36427
g57-r1,g57,2.812748,0.783168,-0.483777,4.372451
g58-r0,g58,1.500604,3.573025,-1.834622,10.754625
g58-r1,g58,3.821315,1.76031,0.375846,13.575992
g59-r0,g59,1.965384,2.253819,-2.692649,8.906648
g59-r1,g59,1.949971,1.536296,-1.202567,6.023805
g60-r0,g60,2.253433,3.471441,-0.186491,15.720741
g60-r1,g60,2.555624,2.916025,-2.033949,14.881041
g61-r0,g61,1.796689,2.814524,0.024782,10.151682
g61-r1,g61,0.90453,2.465145,0.587574,4.589187
g62-r0,g62,1.85179,3.733348,-1.757706,13.744265
g62-r1,g62,0.739714,2.804171,1.938011,4.157056
g63-r0,g63,2.840292,0.65542,-2.425283,3.757515
g63-r1,g63,3.122204,1.540527,-1.65701,9.69101
g64-r0,g64,2.452079,2.472912,2.415938,12.128166
g64-r1,g64,3.701034,2.061549,-0.568946,15.219767
g65-r0,g65,3.422587,1.929079,-2.308438,13.195599
g65-r1,g65,0.51319,3.379334,-2.592549,3.428769
g66-r0,g66,2.263807,2.418005,0.446388,10.913428
g66-r1,g66,2.21498,2.470496,0.021987,10.818987
g67-r0,g67,1.831643,3.390019,0.121487,12.465311
g67-r1,g67,3.576754,1.059429,-1.390672,7.41901
g68-r0,g68,1.463561,2.776308,-2.60718,8.043468
g68-r1,g68,3.993942,3.639136,-0.432974,29.166087
g69-r0,g69,1.206676,1.004991,-0.989084,2.343727
g69-r1,g69,1.842699,0.836474,2.481547,3.100934
g70-r0,g70,3.721287,2.770975,1.678956,20.598527
g70-r1,g70,1.055325,3.105676,1.426934,6.583368
g71-r0,g71,2.100662,3.866964,2.058122,16.247369
g71-r1,g71,2.280067,3.564757,0.261007,16.3478
g72-r0,g72,1.257666,2.724756,2.311042,6.915821
g72-r1,g72,3.469904,3.135363,1.645733,21.801162
g73-r0,g73,1.071188,2.032691,-1.40387,4.270471
g73-r1,g73,3.341647,0.62857,2.733034,4.202323
g74-r0,g74,3.36615,3.470128,-0.853229,23.312847
g74-r1,g74,2.917984,3.520789,-2.218811,20.522022
g75-r0,g75,0.725501,3.636185,-1.34404,5.310758
g75-r1,g75,1.986454,2.380266,1.344223,9.467187
g76-r0,g76,1.254014,3.343662,1.117474,8.290726
g76-r1,g76,2.252054,1.586242,-0.043544,7.151174
g77-r0,g77,2.373899,1.699782,0.588432,8.007194
g77-r1,g77,1.663996,3.696251,-2.049976,12.203655
g78-r0,g78,2.761376,0.833781,1.98774,4.605244
g78-r1,g78,3.129801,3.209231,-2.319981,19.983417
g79-r0,g79,2.766322,0.868301,1.813752,4.797652
g79-r1,g79,0.982041,1.501997,-2.82625,3.034336
g80-r0,g80,2.110974,0.538068,-2.22699,2.202568
g80-r1,g80,3.335357,3.586414,2.195211,23.897028
g81-r0,g81,2.30516,1.280946,2.564605,5.768843
g81-r1,g81,2.720699,0.929521,1.411665,5.10198
g82-r0,g82,0.917479,3.490018,1.687875,6.449897
g82-r1,g82,3.024723,2.59455,2.283009,15.862833
g83-r0,g83,0.518413,1.815216,-2.196661,1.847669
g83-r1,g83,3.995201,3.062643,-0.426728,24.420318
g84-r0,g84,3.169906,3.875084,2.492662,24.615478
g84-r1,g84,1.755936,2.154362,-2.436789,7.596768
g85-r0,g85,2.862638,2.218968,2.123693,12.683664
g85-r1,g85,2.875831,1.762028,-1.037908,10.161921
g86-r0,g86,2.53892,2.426024,-2.32051,12.446644
g86-r1,g86,2.721256,1.065065,-0.45703,5.741553
g87-r0,g87,0.503788,3.475832,-0.511325,3.588357
g87-r1,g87,2.74963,1.037991,-1.584063,5.740342
g88-r0,g88,2.420092,2.438853,0.131644,11.769405
g88-r1,g88,1.867152,2.536559,2.041755,9.577161
g89-r0,g89,3.828472,0.557232,2.982091,4.304905
g89-r1,g89,1.209553,2.212804,-1.208035,5.417627
g90-r0,g90,1.60274,3.560212,-0.923692,11.300972
g90-r1,g90,3.207164,2.725738,-1.818742,17.337045
g91-r0,g91,3.624042,3.910249,2.649463,28.295025
g91-r1,g91,0.781939,3.391436,-0.223064,5.336386
g92-r0,g92,2.037905,3.096347,0.369296,12.589786
g92-r1,g92,1.743265,2.902872,2.397602,10.063774
g93-r0,g93,1.03846,2.585774,-1.226036,5.301408
g93-r1,g93,3.687782,2.623737,2.50613,19.321063
g94-r0,g94,3.241792,1.480444,2.405553,9.525281
g94-r1,g94,2.042642,3.849103,-1.688309,15.792474
g95-r0,g95,3.993638,1.973043,2.563741,15.656206
g95-r1,g95,0.944839,2.94132,2.425209,5.467671
g96-r0,g96,2.351692,2.504304,-2.311536,11.706561
g96-r1,g96,2.584812,3.341231,-1.588659,17.455849
g97-r0,g97,3.412589,1.551704,2.433514,10.674448
g97-r1,g97,0.954772,2.32988,-0.752472,4.542952
g98-r0,g98,2.364983,2.67116,2.518197,12.666313
g98-r1,g98,2.315801,3.544289,2.022862,16.332392
g99-r0,g99,3.446851,0.702703,-1.15804,4.858701
g99-r1,g99,1.883421,1.197219,1.583011,4.628223
g100-r0,g100,3.00204,0.613824,-2.574555,3.700746
g100-r1,g100,1.977048,1.343974,2.605609,5.335102
g101-r0,g101,0.996736,2.411773,-0.217671,4.85594
g101-r1,g101,3.239255,3.540491,0.367064,22.888551
g102-r0,g102,2.593942,3.757121,-2.697702,19.506562
g102-r1,g102,3.87739,1.611599,1.776645,12.489823
g103-r0,g103,3.123921,1.022468,-0.074556,6.484782
g103-r1,g103,1.813503,2.174129,2.307478,7.923003
g104-r0,g104,2.464068,0.595758,0.847258,2.944426
g104-r1,g104,2.197333,0.643134,1.575376,2.891534
g105-r0,g105,0.663825,1.765525,-2.283538,2.427878
g105-r1,g105,2.137589,3.673945,-2.154152,15.65173
g106-r0,g106,0.811334,3.219888,0.190704,5.188321
g106-r1,g106,1.155948,1.85507,1.575154,4.248952
g107-r0,g107,2.776762,2.423949,0.980949,13.401034
g107-r1,g107,1.288874,1.76129,-2.334679,4.549977
g108-r0,g108,3.744382,0.642166,-0.699367,4.749456
g108-r1,g108,1.935815,1.106761,1.070678,4.185628
g109-r0,g109,0.883274,0.95045,0.40414,1.647928
g109-r1,g109,3.219563,3.820806,-2.756587,24.737398
g110-r0,g110,3.78269,3.928098,2.095933,29.750275
g110-r1,g110,3.531105,3.694144,-1.182424,26.116967
g111-r0,g111,0.78758,2.723381,2.27683,4.30546
g111-r1,g111,2.820518,0.627143,2.321468,3.568134
g112-r0,g112,1.715655,3.373364,2.82071,11.660981
g112-r1,g112,2.701883,2.468644,0.229997,13.413213
g113-r0,g113,1.7262,0.669979,2.313893,2.268554
g113-r1,g113,1.180734,2.775262,1.63185,6.632216
g114-r0,g114,1.033882,2.678662,0.508552,5.616562
g114-r1,g114,2.285395,0.728017,-2.716203,3.445938
g115-r0,g115,3.133581,3.148957,2.588358,19.898842
g115-r1,g115,2.71457,1.759807,0.193604,9.645668
g116-r0,g116,1.234205,1.546313,1.185527,3.902898
g116-r1,g116,2.972471,0.917646,-2.792647,5.398801
g117-r0,g117,3.953437,1.170629,2.844518,9.2532
g117-r1,g117,2.457032,0.503561,-0.43805,2.403084
g118-r0,g118,3.530413,0.615262,-1.68706,4.287511
g118-r1,g118,1.384973,3.261839,-0.228116,9.005152
g119-r0,g119,1.695082,1.979284,-2.652129,6.738837
g119-r1,g119,1.057369,0.879265,2.985707,1.775103
